{
  "counts": {
    "links_collected_total": 21,
    "links_new": 0
  },
  "fail_reasons": {},
  "gate_reasons": {},
  "stage_timings_sec": {
    "collect_links": {
      "count": 1,
      "min": 17.01210565600013,
      "p50": 17.01210565600013,
      "p95": 17.01210565600013,
      "max": 17.01210565600013,
      "mean": 17.01210565600013
    }
  },
  "per_job_total_sec": {
    "count": 0
  },
  "run_id": "f3e98031b1",
  "finished_utc": "2026-02-26T22:05:28.862165+00:00",
  "elapsed_sec": 18.182230102000176,
  "artifacts_dir": "data/artifacts/f3e98031b1",
  "config": {
    "pages": 3,
    "per_page": 25,
    "limit": 80,
    "headless": false,
    "max_retries": 2
  },
  "slo": {
    "success_rate": null,
    "target_success_rate": 0.95,
    "met": false
  }
}