{
  "counts": {
    "links_collected_total": 21,
    "links_new": 21,
    "jobs_parsed_ok": 21,
    "jobs_upserted": 21,
    "skills_jobs_written": 21,
    "skills_total_written": 51
  },
  "fail_reasons": {},
  "gate_reasons": {},
  "stage_timings_sec": {
    "collect_links": {
      "count": 1,
      "min": 17.393341801000133,
      "p50": 17.393341801000133,
      "p95": 17.393341801000133,
      "max": 17.393341801000133,
      "mean": 17.393341801000133
    },
    "parse_detail": {
      "count": 21,
      "min": 11.353137538999363,
      "p50": 12.368467864000195,
      "p95": 12.790172146000259,
      "max": 13.307586195998738,
      "mean": 12.265480137952355
    },
    "db_upsert_job": {
      "count": 21,
      "min": 0.004132198000661447,
      "p50": 0.004547339000055217,
      "p95": 0.010104771999976947,
      "max": 0.01638041099977272,
      "mean": 0.005397505428845761
    },
    "extract_skills": {
      "count": 21,
      "min": 0.0029353999998420477,
      "p50": 0.005350948000341305,
      "p95": 0.0071822539994172985,
      "max": 0.00739438200071163,
      "mean": 0.005625391714212518
    },
    "db_replace_skills": {
      "count": 21,
      "min": 0.00029851299950678367,
      "p50": 0.00461387600080343,
      "p95": 0.007466967999789631,
      "max": 0.007976011000209837,
      "mean": 0.004181964523793015
    }
  },
  "per_job_total_sec": {
    "count": 21,
    "min": 13.324014584000906,
    "p50": 15.317350613999224,
    "p95": 25.518336547998842,
    "max": 26.63250879900079,
    "mean": 16.538238499809484
  },
  "run_id": "64cca8f519",
  "finished_utc": "2026-02-26T22:11:41.131878+00:00",
  "elapsed_sec": 365.80129750800006,
  "artifacts_dir": "data/artifacts/64cca8f519",
  "config": {
    "pages": 3,
    "per_page": 25,
    "limit": 80,
    "headless": false,
    "max_retries": 2
  },
  "slo": {
    "success_rate": 1.0,
    "target_success_rate": 0.95,
    "met": true
  }
}