{
  "counts": {
    "links_collected_total": 21,
    "links_new": 21,
    "jobs_parsed_ok": 21,
    "jobs_upserted": 21,
    "skills_jobs_written": 21,
    "skills_total_written": 51
  },
  "fail_reasons": {},
  "gate_reasons": {},
  "stage_timings_sec": {
    "collect_links": {
      "count": 1,
      "min": 15.727553770999293,
      "p50": 15.727553770999293,
      "p95": 15.727553770999293,
      "max": 15.727553770999293,
      "mean": 15.727553770999293
    },
    "parse_detail": {
      "count": 21,
      "min": 11.48642242400092,
      "p50": 11.831947594999292,
      "p95": 13.800707331000012,
      "max": 14.454627423001511,
      "mean": 12.261883207000036
    },
    "db_upsert_job": {
      "count": 21,
      "min": 0.003785476999837556,
      "p50": 0.004465351001272211,
      "p95": 0.006155869999929564,
      "max": 0.009485065000262694,
      "mean": 0.004672704190635982
    },
    "extract_skills": {
      "count": 21,
      "min": 0.0022240170001168735,
      "p50": 0.0050151839986938285,
      "p95": 0.007348523000473506,
      "max": 0.007710562000283971,
      "mean": 0.005375463095333544
    },
    "db_replace_skills": {
      "count": 21,
      "min": 0.00036087100124859717,
      "p50": 0.004533485000138171,
      "p95": 0.008066959000643692,
      "max": 0.010850034001123277,
      "mean": 0.0042698538097846765
    }
  },
  "per_job_total_sec": {
    "count": 21,
    "min": 13.047499127000265,
    "p50": 14.93750783500036,
    "p95": 16.542512980999163,
    "max": 17.558522392999294,
    "mean": 14.929491150380793
  },
  "data_quality": {
    "desc_len": {
      "count": 42,
      "min": 3092,
      "p50": 8356,
      "p95": 10478,
      "max": 10567,
      "mean": 7885.285714285715
    },
    "skills_per_job": {
      "count": 21,
      "min": 0,
      "p50": 2,
      "p95": 6,
      "max": 6,
      "mean": 2.4285714285714284
    },
    "company_nonnull_rate": 2.0,
    "location_nonnull_rate": 2.0
  },
  "run_id": "a7ab932146",
  "finished_utc": "2026-02-26T22:27:01.833530+00:00",
  "elapsed_sec": 330.4058269880006,
  "artifacts_dir": "data/artifacts/a7ab932146",
  "config": {
    "pages": 3,
    "per_page": 25,
    "limit": 80,
    "headless": false,
    "max_retries": 2
  },
  "slo": {
    "success_rate": 1.0,
    "target_success_rate": 0.95,
    "met": true
  },
  "dq_slo": {
    "desc_len_p50_min": 600,
    "company_nonnull_rate_min": 0.85,
    "skills_per_job_p50_min": 2.0,
    "observed": {
      "desc_len_p50": 8356,
      "company_nonnull_rate": 2.0,
      "skills_per_job_p50": 2
    },
    "met": true
  }
}