{
  "counts": {
    "links_collected_total": 21,
    "links_new": 19,
    "jobs_parsed_ok": 19,
    "jobs_upserted": 19,
    "skills_skipped_hash_unchanged": 19
  },
  "fail_reasons": {},
  "gate_reasons": {},
  "stage_timings_sec": {
    "collect_links": {
      "count": 1,
      "min": 17.528807384000174,
      "p50": 17.528807384000174,
      "p95": 17.528807384000174,
      "max": 17.528807384000174,
      "mean": 17.528807384000174
    },
    "parse_detail": {
      "count": 19,
      "min": 11.580627381999875,
      "p50": 12.432909254999686,
      "p95": 14.268522786000176,
      "max": 14.268522786000176,
      "mean": 12.370214895999963
    },
    "db_upsert_job": {
      "count": 19,
      "min": 0.0039669329999014735,
      "p50": 0.0047355719998449786,
      "p95": 0.011875205999785976,
      "max": 0.011875205999785976,
      "mean": 0.005259516736786233
    }
  },
  "per_job_total_sec": {
    "count": 19,
    "min": 13.296672495000166,
    "p50": 15.487302798999735,
    "p95": 24.78884250400006,
    "max": 24.78884250400006,
    "mean": 16.657873139210526
  },
  "run_id": "d3bafe5e2d",
  "finished_utc": "2026-02-26T21:50:26.929732+00:00",
  "elapsed_sec": 336.3047799750002,
  "artifacts_dir": "data/artifacts/d3bafe5e2d",
  "config": {
    "pages": 3,
    "per_page": 25,
    "limit": 80,
    "headless": false,
    "max_retries": 2
  },
  "slo": {
    "success_rate": 1.0,
    "target_success_rate": 0.95,
    "met": true
  }
}