{
  "counts": {
    "links_collected_total": 62,
    "links_new": 62,
    "jobs_parsed_ok": 62,
    "jobs_upserted": 62,
    "skills_jobs_written": 62,
    "skills_total_written": 124
  },
  "fail_reasons": {},
  "gate_reasons": {},
  "stage_timings_sec": {
    "collect_links": {
      "count": 1,
      "min": 55.09840013500002,
      "p50": 55.09840013500002,
      "p95": 55.09840013500002,
      "max": 55.09840013500002,
      "mean": 55.09840013500002
    },
    "parse_detail": {
      "count": 62,
      "min": 11.558673267000017,
      "p50": 12.008178304000012,
      "p95": 15.33285952999995,
      "max": 29.890792848000046,
      "mean": 13.10201208401613
    },
    "db_upsert_job": {
      "count": 62,
      "min": 0.005440044000010857,
      "p50": 0.008290053000109765,
      "p95": 0.01656927099998029,
      "max": 0.02988414100002501,
      "mean": 0.009494965564521583
    },
    "extract_skills": {
      "count": 62,
      "min": 0.004137911000043459,
      "p50": 0.009650515000089399,
      "p95": 0.02288545500005057,
      "max": 0.03768476799996279,
      "mean": 0.011031682258080324
    },
    "db_replace_skills": {
      "count": 62,
      "min": 0.00023737599997275538,
      "p50": 0.006763710000029732,
      "p95": 0.013986125999963406,
      "max": 0.024902507999968293,
      "mean": 0.006473650048370187
    }
  },
  "per_job_total_sec": {
    "count": 62,
    "min": 13.22359724599994,
    "p50": 15.226482009999984,
    "p95": 24.787559768999984,
    "max": 33.31411709399981,
    "mean": 16.680770766064516
  },
  "data_quality": {
    "desc_len": {
      "count": 62,
      "min": 2985,
      "p50": 6868,
      "p95": 10960,
      "max": 12885,
      "mean": 6920.096774193548
    },
    "skills_per_job": {
      "count": 62,
      "min": 0,
      "p50": 1,
      "p95": 6,
      "max": 9,
      "mean": 2.0
    },
    "company_nonnull_rate": 1.0,
    "location_nonnull_rate": 1.0
  },
  "run_id": "50eed95dea",
  "finished_utc": "2026-02-27T05:18:17.865136+00:00",
  "elapsed_sec": 1091.5314173289999,
  "artifacts_dir": "data/artifacts/50eed95dea",
  "config": {
    "pages": 10,
    "per_page": 25,
    "limit": 100,
    "headless": false,
    "max_retries": 2
  },
  "slo": {
    "success_rate": 1.0,
    "target_success_rate": 0.95,
    "met": true
  },
  "dq_slo": {
    "desc_len_p50_min": 600,
    "company_nonnull_rate_min": 0.85,
    "skills_per_job_p50_min": 2.0,
    "observed": {
      "desc_len_p50": 6868,
      "company_nonnull_rate": 1.0,
      "skills_per_job_p50": 1
    },
    "met": false
  }
}